Date,Event,Cost,mileage,Gallons pumped,Cost per gallon
12/6/2018,Purchased Mazda3 i sport,11301.62,49***,,
12/8/2018,gas,30,49***,,
12/14/2018,Left Danielle's house,N/A,"50,000",,
12/21/2018,gas,30,50***,,
1/4/2018,Registration,224,50***,,
1/11/2018,Loan Payment,179.29,,,
1/15/2018,Loan Payment,179.29,,,
1/12/2019,gas,24.62,50396,8.672,2.83902214
2/15/2019,gas,26.35,50666,9.55,2.759162304
3/14/2019,gas,28.17,50921,9.786,2.878602085
3/29/2019,gas,26.63,,9.316,
4/15/2019,gas,32.45,51467,10.144,3.198935331
5/4/2019,gas,33.63,51760,10.012,
5/17/2019,gas,28.63,52017,8.497,3.369424503
5/31/2019,Oil Change,56.98,52181,,
6/7/2019,gas,29.02,52201,8.613,3.369325438
6/19/2019,gas,31.35,52478,9.168,3.419502618
7/2/2019,gas,28.41,52683,8.561,3.318537554
7/17/2019,gas,17.06,52893,5.14,3.319066148
7/26/2019,gas,10.02,53024,3.183,3.14797361
7/30/2019,gas,28.54,53100,9.063,3.149067638
8/11/2019,gas,29.45,53345,9.15,3.218579235
8/23/2019,gas,29.32,53547,9.585,3.05894627
9/6/2019,gas,26.98,53765,8.996,2.999110716
10/1/2019,gas,20,54090,,
10/15/2019,gas,35.24,54415,10.338,3.40878313
10/30/2019,gas,30.59,54682,9.216,3.319227431
11/24/2019,gas,28.41,55179,8.88,3.199
12/12/2019,gas,27.01,55398,8.976,3.009
12/20/2019,Oil Change,122.49,55519,,
12/20/2019,Smoggin,20,55540,,
12/23/2019,Registration,237,55560,,
12/25/2019,gas,28,55670,9.337,2.99
1/9/2020,gas,21.35,55858,7.468,2.859
1/27/2020,gas,23.75,56115,8.486,2.799
2/15/2019,Loan Payment,179.29,,,
3/15/2019,Loan Payment,179.29,,,
4/15/2019,Loan Payment,179.29,,,
5/15/2019,Loan Payment,179.29,,,
6/15/2019,Loan Payment,179.29,,,
7/15/2019,Loan Payment,179.29,,,
8/15/2019,Loan Payment,179.29,,,
9/15/2019,Loan Payment,179.29,,,
10/15/2019,Loan Payment,179.29,,,
11/15/2019,Loan Payment,179.29,,,
12/15/2019,Loan Payment,179.29,,,
1/15/2020,Loan Payment,179.29,,,
2/9/2020,gas,24.89,56342,,2.839
2/25/2020,gas,20,56600,7.171,2.789
3/8/2020,gas,25.02,56811,9.068,2.759
3/27/2020,gas,23.43,57050,9.014,2.599
2/15/2020,Loan Payment,179.29,,,
3/15/2020,Loan Payment,179.29,,,
4/13/2020,gas,22.36,57302,8.949,2.499
5/2/2020,gas,19.53,57528,8.495,2.299
5/17/2020,gas,24.47,57755,9.417,2.599
6/2/2020,gas,21.26,,9.09,
6/23/2020,gas,21.03,58201,8.659,
7/12/2020,gas,23.28,58394,,2.499
7/28/2020,gas,20.12,,8.316,2.419
8/17/2020,gas,24.26,58773,9.708,
9/4/2020,gas,20.98,58959,8.638,2.429
9/20/2020,gas,22.94,59136,8.316,2.759
10/5/2020,gas,20.33,59355,8.039,2.529
10/20/2020,gas,20.77,59572,8.767,2.369
11/11/2020,gas,19.84,59770,8.411,2.359
11/25/2020,gas,23.15,60002,8.578,
12/15/2020,gas,19.73,60223,8.509,2.319
1/18/2021,gas,20.77,60659,8.053,2.579
1/18/2021,Smoggin,19.99,,,
1/18/2021,Registration,247.75,,,
1/30/2021,Repairs,956.54,,,
6/3/2019,Repairs,56.98,,,
12/21/2019,Repairs,122.49,,,
7/31/2020,Repairs,658.17,,,
2/4/2021,Gas,24.84,60895,9.34,2.649
3/2/2021,gas,26.78,61156,9.401,2.849
3/22022,gas,30.38,61412,9.618,3.159
4/8/2021,gas,29.19,61666,9.125,3.199
4/23/2021,gas,32.7,61892,9.943,3.289
5/6/2021,gas,34.18,62142,9.24,3.699
5/20/2021,gas,35.21,62356,10.197,3.459
6/5/2021,gas,31.86,62580,9.03,3.529
6/17/2021,gas,35.34,62797,10.042,3.519
6/25/2021,gas,37.41,,7.636,4.899
6/28/2021,gas,32.8,63276,6.981,4.699
7/2/2021,gas,30.45,63571,8.603,3.539
7/13/2021,gas,35.21,63788,9.728,3.6
7/29/2021,gas,33.97,63978,8.603,3.949
8/10/2021,gas,20,64158,5.183,3.859
8/17/2021,gas,36.87,,8.865,4.159
9/2/2021,gas,35.34,,9.303,3.799
9/15/2021,gas,39.77,,10.36,3.839
9/29/2021,gas,33.67,64946,9.006,3.739
11/3/2021,gas,36.03,65478,9.534,3.779
11/22/2021,gas,33.73,65714,8.786,3.839
12/9/2021,gas,37.23,69560,8.786,3.769
12/22/2021,gas,38.95,66232,10.093,3.859
1/4/2022,gas,32.07,66496,8.289,3.869
1/13/2022,gas,18.39,66784,5.081,3.619
1/18/2022,gas,33.98,66946,9.388,3.619
1/26/2022,gas,33.14,67225,8.633,3.839
2/3/2022,gas,37.07,67512,9.411,3.939
2/11/2022,gas,38.39,67820,10.185,3.769
2/21/2022,gas,36.95,68132,9.727,3.799
3/2/2022,gas,36.95,68458,9.218,4.009
3/9/2022,gas,47.66,68772,9.403,5.069
3/20/2022,gas,20,69096,4.082,4.899
3/22/2022,gas,35,69226,6.556,5.339
3/31/2022,gas,20,69438,4.001,4.999
4/3/2022,gas,51.6,69548,10.2,5.059
4/11/2022,gas,48.94,69868,9.771,5.009
4/23/2022,gas,48.76,70190,9.15,5.329
5/1/2022,gas,45.9,70480,9.237,4.969
5/9/2022,gas,52.39,70773,10.377,5.049
5/22/2022,gas,50.8,71101,9.983,5.089
5/30/2022,gas,41.07,71376,8.216,4.99
6/8/2022,gas,54.97,71690,9.978,5.509
6/17/2022,gas,50.93,71995,9.261,5.499
6/26/2022,gas,52.32,72302,9.515,4.499
7/6/2022,gas,51.59,72642,9.692,4.999
7/12/2022,gas,47.36,,9.11,5.199
7/26/2022,gas,49.95,73328,10.194,4.9
8/4/2022,gas,20.92,73675,4.423,4.73
8/9/2022,gas,20,73799,4.228,4.73
8/14/2022,gas,40,73958,7.891,5.059
8/21/2022,gas,42.87,,9.529,4.499
8/29/2022,gas,49.24,,9.849,4.999
9/7/2022,gas,40.88,,8.794,4.649
9/13/2022,gas,39.74,,7.748,5.129
9/23/2022,gas,49.87,75390,10.728,4.649
10/3/2022,gas,54.2,,9.298,5.829
10/14/2022,gas,47.77,76042,9.003,5.299
10/21/2022,gas,39.29,76312,8.452,4.649
10/31/2022,gas,41.16,76627,9.088,4.529
11/5/2022,gas,20,76942,3.877,5.159
11/10/2022,gas,53.57,77082,10.304,5.199
11/20/2022,gas,41.73,,8.768,4.759
11/29/2022,gas,43.61,,10.145,4.299
12/14/2022,gas,36.88,78049,9.837,3.749
1/1/2023,gas,37.71,78342,9.154,4.119
1/19/2023,gas,37.71,78650,10.448,3.609
2/1/2023,gas,35.07,78954,8.353,4.199
2/15/2023,gas,42.61,79231,9.472,4.499
2/25/2023,gas,39.9,,9.39,4.249
3/10/2023,gas,35.12,,8.17,4.299
3/20/2023,gas,20,80037,4.989,4.009
3/24/2023,gas,33.71,,8.43,3.999
4/1/2023,gas,38.14,,9.948,3.839
4/13/2023,gas,43.51,80787,10.487,4.149
4/18/2023,gas,34.97,65220,9.377,3.729
4/24/2023,gas,37.53,,9.269,4.049
5/7/2023,gas,29.66,81357,7.218,4.109
5/14/2023,gas,30,81581,9.279,4.054
5/24/2023,gas,42.56,81874,9.809,4.339
6/6/2023,gas,37.49,,9.192,4.074
6/15/2023,gas,44.43,,10.812,4.109
6/27/2023,gas,38.92,82726,9.495,4.099
7/6/2023,gas,41.33,,10.414,3.969
7/19/2023,gas,41.78,83325,10.581,3.949
8/7/2023,gas,42.77,83621,10.308,4.149
8/19/2023,gas,36.61,83885,8.823,4.149
9/1/2023,gas,49.45,,10.99,4.49
9/16/2023,gas,52.78,84516,10.773,4.899
9/30/2023,gas,52.16,84857,9.607,5.429
10/11/2023,gas,48.57,,10.425,4.659
10/25/2023,gas,38.84,,8.931,4.349
11/5/2023,gas,41.34,,9.189,4.499
11/17/2023,gas,35.49,86123,8.744,4.059
11/26/2023,gas,22.57,86306,5.7,3.959
12/6/2023,gas,36.64,,9.774,3.749
12/27/2023,gas,35.77,86910,10.107,3.539
1/8/2024,gas,38.44,87217,9.22,4.169
1/18/2024,Smoggin,49.45,,,
1/18/2024,Registration,111,,,
1/18/2024,Oil Change,162.68,,,
1/18/2023,Registration,247.75,,,
6/21/2021,aircon,376.17,,,
5/20/2022,oil Change,187.56,,,
1/20/2022,Smoggin,25,,,
8/5/2022,aircon,547.84,,,
3/7/2023,oil Change,164.9,,,
1/29/2024,repairs: ball joints,,,,
1/26/2024,gas,37.98,87542,10.762,3.529
2/10/2024,gas,35.21,87874,9.22,3.819
2/22/2024,gas,42.03,89194,9.777,4.299
3/2/2024,gas,32.11,88448,8.236,3.899
3/21/2024,gas,44.7,88807,9.936,4.599
4/5/2024,gas,46.78,89137,9.748,4.799
4/23/2024,gas,46.18,,9.622,4.799
5/2/2024,gas,31.35,89775,7.209,4.349
5/17/2024,gas,39.95,,9.515,4.199
5/31/2024,gas,40.16,,10.042,3.999
6/13/2024,gas,38.3,,9.748,3.929
6/29/2024,gas,49.43,,10.747,4.599
7/11/2024,gas,38.85,,9.716,3.999
7/27/2024,gas,35.98,,9.649,3.729
8/18/2024,gas,40.3,,9.879,4.079
8/27/2024,gas,31.45,,7.673,4.099
9/10/2024,gas,42.09,,10.268,4.099
9/28/2024,gas,38.02,,9.507,3.999
10/15/2024,gas,38.65,,10.175,3.799
10/29/2024,gas,35.66,,10.076,3.539
11/16/2024,gas,32.32,93477,9.594,3.369
12/13/2024,gas,32.63,,9.378,3.479
12/15/2024,gas,31.58,94037,9.373,3.369
12/27/2024,gas,31.78,,9.489,3.349
1/11/2025,gas,31.84,,8.47,3.759
1/22/2025,gas,36.78,,9.531,3.859
2/1/2025,gas,28.17,,8.289,3.399
2/12/2025,gas,33.2,,7.833,4.239
2/22/2025,gas,34.02,,9.374,3.629
3/1/2025,gas,39.22,,9.568,4.099
3/8/2025,gas,28.34,,7.086,3.999
3/17/2025,gas,39.75,,9.94,3.999
3/27/2025,gas,42.8,96755,10.291,4.159
4/8/2025,gas,40.82,,9.364,4.359
4/19/2025,gas,39.38,,9.378,4.199
4/29/2025,gas,34.71,,9.977,3.479
5/6/2025,gas,34.96,,10.225,3.419
5/20/2025,gas,32.76,98278,8.905,3.679
5/26/2025,gas,32.85,,9.362,3.509
6/5/2025,gas,41.3,98863,9.93,4.159
6/15/2025,gas,31.44,99155,9.827,3.199
6/20/2025,gas,33.7,99470,9.605,3.509
6/28/2025,gas,41.19,,10.299,3.999
7/6/2025,gas,25.56,100000,8.524,2.999
7/16/2025,gas,,,,3.459
8/2/2025,gas,38.8,,9.559,4.059
8/11/2025,gas,41.22,,10.572,3.899
8/26/2025,gas,41.77,,10.093,4.149
9/11/2025,gas,43.92,,10.36,4.239
9/22/2025,gas,39.08,,9.897,3.949
10/4/2025,gas,36.65,,9.99,3.669
10/21/2025,gas,36.99,102302,9.815,3.769
10/30/2025,gas,37.9,,9.977,3.799
11/12/2025,gas,39.72,,9.689,4.099
11/27/2025,gas,39.58,,9.75,4.059
12/12/2025,gas,31.98,,9.326,3.429
12/24/2025,gas,33.03,,10.105,3.269
1/4/2026,gas,30.43,,9.603,3.169
1/17/2026,gas,31.3,,9.401,3.324
1/31/2026,gas,33.42,,9.745,3.429
2/12/2026,gas,28.14,,8.231,3.419
2/21/2026,gas,31.96,,9.486,3.369
3/1/2026,gas,18.62,,5.4,3.449
3/14/2026,gas,47.3,,10.065,4.699
3/26/2026,gas,50.25,,9.665,5.199
4/3/2026,gas,51.35,,9.954,5.159
4/17/2026,gas,41.39,,8.77,4.719